 Title , Note , Avis , langues 
"VATICAN SUITE 383 - Prices &  B&B Reviews (Rome, Italy) - TripAdvisor",4.5,"Catherine K
2
Suivre
Avis √©crit le 6 octobre 2018
par mobile
Parfait
Si je dois revenir √† Rome ce sera ici. Tout est fait pour faciliter notre s√©jour. La chambre est confortable et propre. Je recommande vivement. L accueil est remarquable,franco est aux petits soins pour nous.
Date du s√©jour : octobre 2018
Merci Catherine K
R√©ponse de Aquaranta, Proprietario de Vatican Suite 383
A r√©pondu le 8 octobre 2018
Merci Catherine! Nous vous attendons pour votre prochain s√©jour √† rome
Ces avis sont traduits automatiquement depuis l'anglais. Afficher les traductions automatiques ?OuiNon
May R
Phoenix, Arizona
3
Avis √©crit le 5 octobre 2018
par mobile
Petit endroit pittoresque!
Joli bed and breakfast dans un quartier tr√®s calme de Rome. Pr√®s de quelques bons restaurants! √Ä distance de marche du m√©tro (ligne A).  3 des 4 chambres ont une salle de bains attenante, la chambre 1 n'en a pas, c'est dans le couloir mais...Plus
Date du s√©jour : octobre 2018
Noter la traduction
Changer la traduction
Aquaranta, Proprietario de Vatican Suite 383, a r√©pondu √† cet avis
A r√©pondu le 8 octobre 2018
Google Traduction
Thank you Mary for your review. The room is not noise, but when we are fully and many persons is...Plus
Jess R
9
Avis √©crit le 15 juillet 2018
Belle chambre avec un balcon confortable.
Nous avons √©t√© accueillis par le merveilleux Franco, m√™me s'il ne parlait pas anglais, ce n'√©tait pas un probl√®me pour lui. Nous avons pu avoir une conversation via son application de traduction google, ce qu'il √©tait plus qu'heureux de faire - car il aime communiquer...Plus
Date du s√©jour : juin 2018
Noter la traduction
Changer la traduction
Aquaranta, Proprietario de Vatican Suite 383, a r√©pondu √† cet avis
A r√©pondu le 17 juillet 2018
Google Traduction
Thank you very much for all! The next time that you come in Rome I will learn the English! üòÇüòÇ...Plus
Darren O
32
Avis √©crit le 6 mai 2018
Endroit incroyable
Franco a √©t√© formidable et nous a vraiment aid√©s √† passer un bon moment √† Rome. Le logement √©tait excellent, merci encore pour votre aide et vos conseils et le temps fantastique que nous avons pass√© dans votre logement, nous reviendrons.Plus
Date du s√©jour : avril 2018
Noter la traduction
Changer la traduction
Aquaranta, Proprietario de Vatican Suite 383, a r√©pondu √† cet avis
A r√©pondu le 10 mai 2018
Google Traduction
Thank you very much Darren for your stay. I hope to see you again. Goo luck for the champions league...Plus
",it
